method,N,J,h,h_over_J,E0,e0,Mz,Mx
exact,4,1.0,0.2,0.2,-3.0617348039537533,-0.7654337009884383,-5.307213002403444e-12,0.1585025129916504
exact,4,1.0,0.8,0.8,-4.145560913317096,-1.036390228329274,-3.765737721650453e-14,0.7146612379607045
exact,4,1.0,1.4,1.4,-6.140330028156054,-1.5350825070390135,-1.582067810090848e-14,0.9023464768148655
exact,4,1.0,2.0,2.0,-8.376798636850348,-2.094199659212587,-1.0644263248593688e-14,0.9524964063106731
exact,6,1.0,0.2,0.2,-5.080314488525892,-0.8467190814209821,5.768526397294712e-11,0.1344849017624796
exact,6,1.0,0.8,0.8,-6.439709730750946,-1.0732849551251575,-8.007483565108942e-15,0.6456536904834618
exact,6,1.0,1.4,1.4,-9.310377676649072,-1.5517296127748452,-7.699281027543728e-15,0.8874531378630509
exact,6,1.0,2.0,2.0,-12.630964276492985,-2.1051607127488308,-4.240820657604634e-15,0.9464119674411293
