method,N,J,h,h_over_J,E0,e0,Mz,Mx
mps,10,1.0,0.2,0.2,-9.12035407313414,-0.9120354073134139,0.9915856649357853,0.12071230119144946
mps,10,1.0,0.8,0.8,-11.067490942966154,-1.1067490942966154,-3.446623231503471e-5,0.5697261757287851
mps,10,1.0,1.4,1.4,-15.651075531847177,-1.5651075531847176,4.328421666206799e-9,0.8751524799939545
mps,10,1.0,2.0,2.0,-21.139319114139383,-2.113931911413938,-1.49627762300573e-14,0.9415336580076458
mps,20,1.0,0.2,0.2,-19.220606609521628,-0.9610303304760814,-0.9933531036492887,0.11060997318350956
mps,20,1.0,0.8,0.8,-22.7128813070875,-1.135644065354375,0.753511885914183,0.49679855445036736
mps,20,1.0,1.4,1.4,-31.50295666976377,-1.5751478334881885,8.688721777890373e-11,0.8658600921033868
mps,20,1.0,2.0,2.0,-42.410207307999976,-2.1205103653999986,5.253148435072934e-12,0.9378745592985842
